"14/06/2016, de 11h00 à 12h45."
Nom;Prénom;Login;Courriel
Akwaou;Sana;sakwaou;sana.akwaou@etu.u-cergy.fr;
Tanfin;Pauline;ptanfin;pauline.tanfin@etu.u-cergy.fr;
Dinh;Carla;cdinh;carla.dinh@etu.u-cergy.fr;
Quenot;Clement;cquenot;clement.quenot@etu.u-cergy.fr;
Yeponde;Stacy;syeponde;stacy.yeponde@etu.u-cergy.fr;
Marseille;Manon;mmarseil;manon.marseille@etu.u-cergy.fr;
Balducci;Paolo;pbalducc;paolo.balducci@etu.u-cergy.fr;
Sasportes;David;dsasport;david.sasportes@etu.u-cergy.fr;
"El Barkaoui";Abdehraman;aelbarka;abdehraman.el-barkaoui@etu.u-cergy.fr;
Ouidir;Mehdy;mouidir;mehdy.ouidir@etu.u-cergy.fr;
"Da Silva";Damien;ddasilva;damien.da-silva@etu.u-cergy.fr;
Bilinski;Lea;lbilinsk;lea.bilinski@etu.u-cergy.fr;
Salihovic;Kenza;ksalihov;kenza.salihovic@etu.u-cergy.fr;
"Martins Cepa";Rita;rmartins;rita.martins-cepa@etu.u-cergy.fr;
Mengus;Laura;lmengus;laura.mengus@etu.u-cergy.fr;
Prieur;Lorris;lprieur1;lorris.prieur1@etu.u-cergy.fr;
Bourienne;Nelly;nbourien;nelly.bourienne@etu.u-cergy.fr;
Thomas;Cecile;cthomas;cecile.thomas@etu.u-cergy.fr;
Kateb;Sarah;skateb;sarah.kateb@etu.u-cergy.fr;
Larroude;Lezana;llarroud;lezana.larroude@etu.u-cergy.fr;
Sanvoisin;Jennifer;jsanvois;jennifer.sanvoisin@etu.u-cergy.fr;
Sinay;Marianne;msinay;marianne.sinay@etu.u-cergy.fr;
Kirac;Thibault;tkirac;thibault.kirac@etu.u-cergy.fr;
Mehaddi;Sophie;smehaddi;sophie.mehaddi@etu.u-cergy.fr;
Katende;Josue;jkatende;josue.katende@etu.u-cergy.fr;
Bardon;Antoine;abardon;antoine.bardon@etu.u-cergy.fr;
Geneste;Vincent;vgeneste;vincent.geneste@etu.u-cergy.fr;
Dadi;Nassim;ndadi;nassim.dadi@etu.u-cergy.fr;
Sylla;Mariama;msylla1;mariama.sylla1@etu.u-cergy.fr;
Dujay;Julie;jdujay;julie.dujay@etu.u-cergy.fr;
Grentzinger;Alix;agrentzi;alix.grentzinger@etu.u-cergy.fr;
Kachkar;Iris;ikachkar;iris.kachkar@etu.u-cergy.fr;

