"06/01/2017, de 15h00 à 16h15."
Nom;Prénom;Login;Courriel
Beigne;Affi;abeigne;affi.beigne@etu.u-cergy.fr;
Perrin;Maxime;mperrin1;maxime.perrin1@etu.u-cergy.fr;
"Ngonde Nyoungue";Sibylle;sngonden;sibylle.ngonde-nyoungue@etu.u-cergy.fr;
Jeanbrau;Pauline;pjeanbra;pauline.jeanbrau@etu.u-cergy.fr;
Glass;JÉrÉmy;jglass;jeremy.glass@etu.u-cergy.fr;
Jullien;Alison;ajullien;alison.jullien@etu.u-cergy.fr;
Bielak;Julie;jbielak;julie.bielak@etu.u-cergy.fr;
Ferreux;Morgane;mferreux;morgane.ferreux@etu.u-cergy.fr;
Viggiano;Auriane;aviggian;auriane.viggiano@etu.u-cergy.fr;
Chevais;Emlyn;echevais;emlyn.chevais@etu.u-cergy.fr;
Gazzo;Ilona;igazzo;ilona.gazzo@etu.u-cergy.fr;
Valerus;Janice;jvalerus;janice.valerus@etu.u-cergy.fr;
Nataraj;Brindhaa;bnataraj;brindhaa.nataraj@etu.u-cergy.fr;
Leclerc;Clarisse;cleclerc1;clarisse.leclerc1@etu.u-cergy.fr;
Nguyen;"Van Quy";vnguyen;van-quy.nguyen@etu.u-cergy.fr;
Songo;OcÉane;osongo;oceane.songo@etu.u-cergy.fr;
"Aberkane Dib";Zahra;zaberkan;zahra.aberkane-dib@etu.u-cergy.fr;
Pierre;Deborah;dpierre;deborah.pierre@etu.u-cergy.fr;
Courtet;Caroline;ccourtet;caroline.courtet@etu.u-cergy.fr;
Francisque;Rebecca;rfrancis;rebecca.francisque@etu.u-cergy.fr;
Bigot;Maelys;mbigot;maelys.bigot@etu.u-cergy.fr;
Saez;Alexandra;asaez;alexandra.saez@etu.u-cergy.fr;
Nguyen;Hillary;hnguyen4;hillary.nguyen4@etu.u-cergy.fr;
Dutreeuw;Corentin;cdutreeu;corentin.dutreeuw@etu.u-cergy.fr;
Kanangila;Wendy;wkanangi;wendy.kanangila@etu.u-cergy.fr;

