"15/05/2017, de 10h à 11h."
Nom;Prénom;Login;Courriel
Lareo;Estelle;elareo;estelle.lareo@etu.u-cergy.fr;
Bounabi;Celia;cbounabi;celia.bounabi@etu.u-cergy.fr;
Michel;Solene;smichel3;solene.michel3@etu.u-cergy.fr;
Deslandes;Lea;ldesland;lea.deslandes@etu.u-cergy.fr;
"Le Guilloux";Anais;aleguill2;anais.le-guilloux2@etu.u-cergy.fr;
Karaouzene;Rania;rkaraouz;rania.karaouzene@etu.u-cergy.fr;
Valadon;HÉloÏse;hvaladon;heloise.valadon@etu.u-cergy.fr;
Zida;Eben-ezer;ezida;eben-ezer.zida@etu.u-cergy.fr;
Zila;Farah;fzila;farah.zila@etu.u-cergy.fr;
Osias;Melinda;mosias;melinda.osias@etu.u-cergy.fr;
Dhouib;Asma;adhouib;asma.dhouib@etu.u-cergy.fr;
Dinaully;Zeena;zdinaull;zeena.dinaully@etu.u-cergy.fr;
Othmane;Ela;eothmane;ela.othmane@etu.u-cergy.fr;
Benslimane;Ambrine;abenslim1;ambrine.benslimane1@etu.u-cergy.fr;
Chau;Elodie;echau;elodie.chau@etu.u-cergy.fr;
Delsuc;Kimmy-victoria;kdelsuc;kimmy-victoria.delsuc@etu.u-cergy.fr;
"Ben Abdelhak";Mona;mbenabde;mona.benabdelhak@etu.u-cergy.fr;
Vigouroux;Laura;lvigouro;laura.vigouroux@etu.u-cergy.fr;
Mroudjae;Oulfaha;omroudja;oulfaha.m'roudjae@etu.u-cergy.fr;
Pochauvin;LÉna;lpochauv;lena.pochauvin@etu.u-cergy.fr;
Pelle;Damien;dpelle;damien.pelle@etu.u-cergy.fr;
Cauet;Nolwenn;ncauet;nolwenn.cauet@etu.u-cergy.fr;
Zonneveld;Walter;wzonneve;walter.zonneveld@etu.u-cergy.fr;
Horry;Sophie;shorry;sophie.horry@etu.u-cergy.fr;
;

"15/05/2017, de 11h15 à 12h15."
Nom;Prénom;Login;Courriel
Jasinska;Betina;bjasinsk;betina.jasinska@etu.u-cergy.fr;
Siyari;NoÉmie;nsiyari;noemie.siyari@etu.u-cergy.fr;
Hoize;Ombeline;ohoize;ombeline.hoize@etu.u-cergy.fr;
Dahak;Anis;adahak;anis.dahak@etu.u-cergy.fr;
Mezaguer;Louhann;lmezague;louhann.mezaguer@etu.u-cergy.fr;
Blaineau;Estelle;eblainea;estelle.blaineau@etu.u-cergy.fr;
Castel;Marine;mcastel;marine.castel@etu.u-cergy.fr;
Margerin;MÉlina;mmargeri;melina.margerin@etu.u-cergy.fr;
Zouaoui;Yasmine;yzouaoui;yasmine.zouaoui@etu.u-cergy.fr;
Geraert;Dimitri;dgeraert;dimitri.geraert@etu.u-cergy.fr;
Haddouche;Katia;khaddouc1;katia.haddouche1@etu.u-cergy.fr;
Fruit;Laurie;lfruit;laurie.fruit@etu.u-cergy.fr;
Mercier;Paloma;pmercier;paloma.mercier@etu.u-cergy.fr;
Mathe;Alexia;amathe1;alexia.mathe1@etu.u-cergy.fr;
Cisse;Aissatou;acisse1;aissatou.cisse1@etu.u-cergy.fr;
Vergili;Solen;svergili;solen.vergili@etu.u-cergy.fr;
Zerkoune;Yasmina;yzerkoun;yasmina.zerkoune@etu.u-cergy.fr;
Cabrimol;Anna;acabrimo;anna.cabrimol@etu.u-cergy.fr;
Vital;Armand;avital;armand.vital@etu.u-cergy.fr;
Nguyen;Hillary;hnguyen4;hillary.nguyen4@etu.u-cergy.fr;
Carrier;Pauline;pcarrier;pauline.carrier@etu.u-cergy.fr;
Kaurin;Anthony;akaurin;anthony.kaurin@etu.u-cergy.fr;
Ouzoubair;Hajar;houzouba;hajar.ouzoubair@etu.u-cergy.fr;
Afonso;CÉcile;cafonso1;cecile.afonso1@etu.u-cergy.fr;
;

"15/05/2017, de 13h45 à 14h45."
Nom;Prénom;Login;Courriel
;;;;
Antrassian;Marina;mantrass;marina.antrassian@etu.u-cergy.fr;
Fourar;Acya;afourar;acya.fourar@etu.u-cergy.fr;
Gulmini;Morgane;mgulmini;morgane.gulmini@etu.u-cergy.fr;
Merel;Melanie;mmerel;melanie.merel@etu.u-cergy.fr;
Abderemane;Lucie;labderem;lucie.abderemane@etu.u-cergy.fr;
Pauvaday;Priscilla;ppauvada;priscilla.pauvaday@etu.u-cergy.fr;
Demir;"Berna Hafize";bdemir;berna-hafize.demir@etu.u-cergy.fr;
"Banangouna Koufouetila";ClÉnat;cbanango;clenat.banangouna-koufouetila@etu.u-cergy.fr;
Asmonti;Laurine;lasmonti;laurine.asmonti@etu.u-cergy.fr;
Even;Joany;jeven;joany.even@etu.u-cergy.fr;
Forest;Manon;mforest;manon.forest@etu.u-cergy.fr;
"Xavier Melges";Manuella;mxavierm;manuella.xavier-melges@etu.u-cergy.fr;
Caudeli;Robin;rcaudeli;robin.caudeli@etu.u-cergy.fr;
Bonhomme;ChloÉ;cbonhomm2;chloe.bonhomme2@etu.u-cergy.fr;
Boucart;Mathilde;mboucart;mathilde.boucart@etu.u-cergy.fr;
Aboulassal;Sonia;saboulas;sonia.aboulassal@etu.u-cergy.fr;
Debuire;Elise;edebuire;elise.debuire@etu.u-cergy.fr;
Benhamida;Melina;mbenhami;melina.benhamida@etu.u-cergy.fr;
Trebossen;Gaelle;gtreboss;gaelle.trebossen@etu.u-cergy.fr;
Bahu;Eloise;ebahu;eloise.bahu@etu.u-cergy.fr;
Perez;Kassandra;kperez;kassandra.perez@etu.u-cergy.fr;
Dupuis;Anthony;adupuis;anthony.dupuis@etu.u-cergy.fr;
Villeronce;ChloÉ;cvillero;chloe.villeronce@etu.u-cergy.fr;
;

"15/05/2017, de 15h à 16h."
Nom;Prénom;Login;Courriel
"Teixeira Da Costa";Melvine;mteixeir;melvine.teixeira-da-costa@etu.u-cergy.fr;
Bhavsar;Mansi;mbhavsar;mansi.bhavsar@etu.u-cergy.fr;
Maurice;Adam;amaurice;adam.maurice@etu.u-cergy.fr;
El-yakouti;Fiona;felyakou;fiona.el-yakouti@etu.u-cergy.fr;
Leroul;AnaÏs;aleroul;anais.leroul@etu.u-cergy.fr;
;;;;
"Lukulu Sindu";NoÉmie;nlukulus;noemie.lukulu-sindu@etu.u-cergy.fr;
"Cormerois Lecerf";ChloÉ;ccormero;chloe.cormerois-lecerf@etu.u-cergy.fr;
Heurtin;Valentin;vheurtin;valentin.heurtin@etu.u-cergy.fr;
Ceus;Peterson;pceus;peterson.ceus@etu.u-cergy.fr;
Shin;Myeongji;mshin;myeongji.shin@etu.u-cergy.fr;
Bonnargent;Claire;cbonnarg;claire.bonnargent@etu.u-cergy.fr;
Gnanachelvam;Synthia;sgnanach;synthia.gnanachelvam@etu.u-cergy.fr;
Bereksi;Lisa;lbereksi;lisa.bereksi@etu.u-cergy.fr;
Agman;Lara;lagman;lara.agman@etu.u-cergy.fr;
Sagot;Juliette;jsagot;juliette.sagot@etu.u-cergy.fr;
Lepere;Julien;jlepere;julien.lepere@etu.u-cergy.fr;
"Da Costa È Silva";Alexandre;adacosta;alexandre.da-costa-e-silva@etu.u-cergy.fr;
Brandibas;Emma;ebrandib;emma.brandibas@etu.u-cergy.fr;
Larcher;NoÉmie;nlarcher;noemie.larcher@etu.u-cergy.fr;
Lukale;Esthera;elukale;esthera.lukale@etu.u-cergy.fr;
Chevreux;Alexandre;achevreu;alexandre.chevreux@etu.u-cergy.fr;
Glass;JÉrÉmy;jglass;jeremy.glass@etu.u-cergy.fr;
Burette;Lucas;lburette;lucas.burette@etu.u-cergy.fr;
;

"15/05/2017, de 16h15 à 17h15."
Nom;Prénom;Login;Courriel
"Le Cler";Arthur;alecler;arthur.le-cler@etu.u-cergy.fr;
Monnier;Melodie;mmonnier;melodie.monnier@etu.u-cergy.fr;
"Abdoul Lattifmarecar";Irfana;iabdoull;irfana.abdoul-lattifmarecar@etu.u-cergy.fr;
"Fernandes Leao Macedo";"Celestino Junior";cfernand3;celestino-junior.fernandes-leao-macedo3@etu.u-cergy.fr;
Royneaux;Pierre-baptiste;proyneau;pierre-baptiste.royneaux@etu.u-cergy.fr;
Pierre;Deborah;dpierre;deborah.pierre@etu.u-cergy.fr;
Plesdin;Lindsey;lplesdin;lindsey.plesdin@etu.u-cergy.fr;
Vieira;Alexia;avieira;alexia.vieira@etu.u-cergy.fr;
Briancon;Thibault;tbrianco;thibault.briancon@etu.u-cergy.fr;
Middleton;Thomas;tmiddlet;thomas.middleton@etu.u-cergy.fr;
Singh;Sukhpreet;ssingh;sukhpreet.singh@etu.u-cergy.fr;
Tarkane;Oumaima;otarkane;oumaima.tarkane@etu.u-cergy.fr;
Goy;Sebastien;sgoy;sebastien.goy@etu.u-cergy.fr;
Chau;Laurent;lchau;laurent.chau@etu.u-cergy.fr;
Hizaoui;Hakim;hhizaoui;hakim.hizaoui@etu.u-cergy.fr;
Legentil;Adeline;alegenti;adeline.legentil@etu.u-cergy.fr;
Hermosa;Eva;ehermosa;eva.hermosa@etu.u-cergy.fr;
Berthelot;Thomas;tberthel1;thomas.berthelot1@etu.u-cergy.fr;
Jerome;Rose-andilde;rjerome;rose-andilde.jerome@etu.u-cergy.fr;
Francis;Miracle;mfrancis2;miracle.francis2@etu.u-cergy.fr;
Leray;Manon;mleray;manon.leray@etu.u-cergy.fr;
Graillot;Kevin;kgraillo;kevin.graillot@etu.u-cergy.fr;
Maigret;Quentin;qmaigret;quentin.maigret@etu.u-cergy.fr;
Bordji;Amel;abordji;amel.bordji@etu.u-cergy.fr;
;

"16/05/2017, de 10h à 11h."
Nom;Prénom;Login;Courriel
Henao;Luisa;lhenao;luisa.henao@etu.u-cergy.fr;
Bielak;Julie;jbielak;julie.bielak@etu.u-cergy.fr;
Cornwell;Mathilde;mcornwel;mathilde.cornwell@etu.u-cergy.fr;
Courtet;Caroline;ccourtet;caroline.courtet@etu.u-cergy.fr;
Kaulanjan;Erika;ekaulanj;erika.kaulanjan@etu.u-cergy.fr;
Kilala;Christopher;ckilala;christopher.kilala@etu.u-cergy.fr;
Broutin;Kelly;kbroutin;kelly.broutin@etu.u-cergy.fr;
Khun;Celine;ckhun;celine.khun@etu.u-cergy.fr;
Su;Elise;esu;elise.su@etu.u-cergy.fr;
Lobjois;Nina;nlobjois;nina.lobjois@etu.u-cergy.fr;
Katsieva;Imani;ikatsiev;imani.katsieva@etu.u-cergy.fr;
Touckoulou;Forlina;ftouckou;forlina.touckoulou@etu.u-cergy.fr;
Lefebvre;Chloe;clefebvr2;chloe.lefebvre2@etu.u-cergy.fr;
"Bouchenoire Menin";Julie;jbouchen2;julie.bouchenoire-menin2@etu.u-cergy.fr;
Fuchs;Helene;hfuchs;helene.fuchs@etu.u-cergy.fr;
Boccara;Antoine;aboccara;antoine.boccara@etu.u-cergy.fr;
Jonquet;Lise;ljonquet;lise.jonquet@etu.u-cergy.fr;
Mallard;Jordan;jmallard;jordan.mallard@etu.u-cergy.fr;
Rouani;Sara;srouani;sara.rouani@etu.u-cergy.fr;
Schneider;Orphe;oschneid;orphe.schneider@etu.u-cergy.fr;
Genot;Lucie;lgenot;lucie.genot@etu.u-cergy.fr;
"Da Silva";LÉa;ldasilva;lea.da-silva@etu.u-cergy.fr;
Paget;Elise;epaget;elise.paget@etu.u-cergy.fr;
Decan;MÉlissa;mdecan;melissa.decan@etu.u-cergy.fr;
;

"16/05/2017, de 11h15 à 12h15."
Nom;Prénom;Login;Courriel
Ouhab;Nesrine;nouhab;nesrine.ouhab@etu.u-cergy.fr;
Ebring;AnaÏs;aebring;anais.ebring@etu.u-cergy.fr;
Beigne;Affi;abeigne;affi.beigne@etu.u-cergy.fr;
Agar;Emeline;eagar;emeline.agar@etu.u-cergy.fr;
Illoul;Laurie;lilloul;laurie.illoul@etu.u-cergy.fr;
Feuillas;BenoÎt;bfeuilla;benoit.feuillas@etu.u-cergy.fr;
Tenesi;Manon;mtenesi;manon.tenesi@etu.u-cergy.fr;
Tamba;Mama;mtamba;mama.tamba@etu.u-cergy.fr;
Judrin;Mathilde;mjudrin;mathilde.judrin@etu.u-cergy.fr;
Desbrosses;Morgane;mdesbros;morgane.desbrosses@etu.u-cergy.fr;
Rebours;Celia;crebours;celia.rebours@etu.u-cergy.fr;
Bernard;AmÉlie;abernard2;amelie.bernard2@etu.u-cergy.fr;
"Alegre Fernandes";"Sonia Cristina";salegref;sonia-cristina.alegre-fernandes@etu.u-cergy.fr;
Archen;Soleen;sarchen;soleen.archen@etu.u-cergy.fr;
Sarangabany;Chrisstel;csaranga;chrisstel.sarangabany@etu.u-cergy.fr;
Smail;Matis;msmail;matis.smail@etu.u-cergy.fr;
Houdja;Younes;yhoudja;younes.houdja@etu.u-cergy.fr;
Bealoum;Estelle;ebealoum;estelle.bealoum@etu.u-cergy.fr;
Fernandes;Magaly;mfernand2;magaly.fernandes2@etu.u-cergy.fr;
Domise;Manon;mdomise;manon.domise@etu.u-cergy.fr;
Ekler;Marc;mekler;marc.ekler@etu.u-cergy.fr;
Danno;ChloÉ;cdanno;chloe.danno@etu.u-cergy.fr;
Samia;Leila;lsamia;leila.samia@etu.u-cergy.fr;
Menant--ferry;ThÉo;tmenantf;theo.menant--ferry@etu.u-cergy.fr;
;

"16/05/2017, de 13h45 à 14h45."
Nom;Prénom;Login;Courriel
Khouader;Sirine;skhouade;sirine.khouader@etu.u-cergy.fr;
Chaigne;Florian;fchaigne;florian.chaigne@etu.u-cergy.fr;
Nogueira;Melissa;mnogueir1;melissa.nogueira1@etu.u-cergy.fr;
Friboulet;Mathilde;mfriboul;mathilde.friboulet@etu.u-cergy.fr;
"Le Dain-martin";Marie-aude;mledainm;marie-aude.le-dain-martin@etu.u-cergy.fr;
Philip;Elisa;ephilip;elisa.philip@etu.u-cergy.fr;
Tauzin;MÉlisande;mtauzin;melisande.tauzin@etu.u-cergy.fr;
Louis;Josue;jlouis1;josue.louis1@etu.u-cergy.fr;
"Ramos Queda";Giovanna;gramosqu;giovanna.ramos-queda@etu.u-cergy.fr;
Benard;Kevin;kbenard;kevin.benard@etu.u-cergy.fr;
Tsolissos;Laura;ltsoliss;laura.tsolissos@etu.u-cergy.fr;
Lucas;Pauline;plucas;pauline.lucas@etu.u-cergy.fr;
Nala;Miryam;mnala;miryam.nala@etu.u-cergy.fr;
Tadjoudine;Bouchra;btadjoud;bouchra.tadjoudine@etu.u-cergy.fr;
Delahaye;Estelle;edelahay;estelle.delahaye@etu.u-cergy.fr;
Allain;Alison;aallain;alison.allain@etu.u-cergy.fr;
Essoh;Kimberley;kessoh;kimberley.essoh@etu.u-cergy.fr;
"De Brito";AnaÏsse;adebrito;anaisse.de-brito@etu.u-cergy.fr;
Renaud;Estelle;erenaud;estelle.renaud@etu.u-cergy.fr;
Ouzoubair;Hajar;houzouba;hajar.ouzoubair@etu.u-cergy.fr;
Cabrera;Manuel;mcabrera;manuel.cabrera@etu.u-cergy.fr;
Ismail;Aleya;aismail;aleya.ismail@etu.u-cergy.fr;
Badaoui;Fatima;fbadaoui;fatima.badaoui@etu.u-cergy.fr;
Iznasni;Khalissa;kiznasni;khalissa.iznasni@etu.u-cergy.fr;
;

"16/05/2017, de 15h à 16h."
Nom;Prénom;Login;Courriel
Gomis;Marie-sou;mgomis;marie-sou.gomis@etu.u-cergy.fr;
Bertaux;Justine;jbertaux;justine.bertaux@etu.u-cergy.fr;
"Embinga Lilas";"Yassine Melina";yembinga;yassine-melinda.embinga-lilas@etu.u-cergy.fr;
Diaby;Fanta;fdiaby3;fanta.diaby3@etu.u-cergy.fr;
"Sakho Biba";Maimouna;msakhobi;maimouna.sakho-biba@etu.u-cergy.fr;
Maziane;Loubna;lmaziane;loubna.maziane@etu.u-cergy.fr;
Jones;Quentin;qjones;quentin.jones@etu.u-cergy.fr;
Tiahoira;Jeremy;jtiahoir;jeremy.tiahoira@etu.u-cergy.fr;
Bourgeoisat;Colleen;cbourgeo;colleen.bourgeoisat@etu.u-cergy.fr;
"Guillen Alguacil";Stacy;sguillen;stacy.guillen-alguacil@etu.u-cergy.fr;
Forestier;Molly;mforesti;molly.forestier@etu.u-cergy.fr;
Gouzay;Camille;cgouzay;camille.gouzay@etu.u-cergy.fr;
Ablin;OcÉanne;oablin;oceanne.ablin@etu.u-cergy.fr;
Songo;OcÉane;osongo;oceane.songo@etu.u-cergy.fr;
;;;;
Viaud;Yali;yviaud;yali.viaud@etu.u-cergy.fr;
Findrama;Harena;hfindram;harena.findrama@etu.u-cergy.fr;
Garnier;Jade;jgarnier;jade.garnier@etu.u-cergy.fr;
Jaoen;Margot;mjaoen;margot.jaoen@etu.u-cergy.fr;
Bardi;Jade;jbardi;jade.bardi@etu.u-cergy.fr;
Qureshi;Maheen;mqureshi;maheen.qureshi@etu.u-cergy.fr;
Konde;Precilia;pkonde;precilia.konde@etu.u-cergy.fr;
Bendahou;Hammad;hbendaho;hammad.bendahou@etu.u-cergy.fr;
Kebani;HervÉ-claude;hkebani;herve-claude.kebani@etu.u-cergy.fr;
;

"17/05/2017, de 10h à 11h."
Nom;Prénom;Login;Courriel
Illoul;Laurie;lilloul;laurie.illoul@etu.u-cergy.fr;
"Le Dreff";Marie;mledreff;marie.le-dreff@etu.u-cergy.fr;
Paget;Elise;epaget;elise.paget@etu.u-cergy.fr;
Parrinello;Theo;tparrine;theo.parrinello@etu.u-cergy.fr;
Sehil;Karim;ksehil;karim.sehil@etu.u-cergy.fr;
"Fernandes Leao Macedo";"Celestino Junior";cfernand3;celestino-junior.fernandes-leao-macedo3@etu.u-cergy.fr;
Louis;Josue;jlouis1;josue.louis1@etu.u-cergy.fr;
Hamon;Lea;lhamon;lea.hamon@etu.u-cergy.fr;
"De Freitas";AndrÉa;adefreit2;andrea.de-freitas2@etu.u-cergy.fr;
Mak;Jonathan;jmak;jonathan.mak@etu.u-cergy.fr;
Dorvil;Gaelle;gdorvil;gaelle.dorvil@etu.u-cergy.fr;
Bellil;"Mohamed RÉdha";mbellil2;mohamed-redha.bellil2@etu.u-cergy.fr;
Leroi;Hugo;hleroi;hugo.leroi@etu.u-cergy.fr;
Zalegh;Lilla;lzalegh;lilla.zalegh@etu.u-cergy.fr;
Teriifaatau;Delphine;dteriifa;delphine.teriifaatau@etu.u-cergy.fr;
Francis;Miracle;mfrancis2;miracle.francis2@etu.u-cergy.fr;
;

"17/05/2017, de 11h15 à 12h15."
Nom;Prénom;Login;Courriel
;;;;
Goncalves;OphÉlie;ogoncalv;ophelie.goncalves@etu.u-cergy.fr;
Gosse;Leila;lgosse1;leila.gosse1@etu.u-cergy.fr;
Gosse;InÈs;igosse;ines.gosse@etu.u-cergy.fr;
Malache;Safiya;smalache;safiya.malache@etu.u-cergy.fr;
"Kouamen Ngatchou";Ingrid;ikouamen;ingrid.kouamen-ngatchou@etu.u-cergy.fr;
Djerdoubi;Myriam;mdjerdou;myriam.djerdoubi@etu.u-cergy.fr;
Sanchez;"Ana Maria";asanchez;ana-maria.sanchez@etu.u-cergy.fr;
Nawaz;Nosheen;nnawaz;nosheen.nawaz@etu.u-cergy.fr;
Poinsot;Maxime;mpoinsot;maxime.poinsot@etu.u-cergy.fr;
Chevais;Emlyn;echevais;emlyn.chevais@etu.u-cergy.fr;
Andrade;Gabriella;gandrade1;gabriella.andrade1@etu.u-cergy.fr;
Benchoubane;Mehdi;mbenchou;mehdi.benchoubane@etu.u-cergy.fr;
Gauthier;Julie;jgauthie1;julie.gauthier1@etu.u-cergy.fr;
Illoul;Laurie;lilloul;laurie.illoul@etu.u-cergy.fr;
Rochdy;Hajar;hrochdy;hajar.rochdy@etu.u-cergy.fr;
Remy;Brice;bremy2;brice.remy@etu.u-cergy.fr;
Fontaine;Tatiana;tfontain1;tatiana.fontaine1@etu.u-cergy.fr;
Oustry;ChloÉ;coustry;chloe.oustry@etu.u-cergy.fr;
Gomis;Laurent;lgomis;laurent.gomis@etu.u-cergy.fr;
Guehuele;Arnot;aguehuel;arnot.guehuele@etu.u-cergy.fr;
Aubin;Valentine;vaubin;valentine.aubin@etu.u-cergy.fr;
Grossi;Julien;jgrossi;julien.grossi@etu.u-cergy.fr;
Khalifa;Julien;jkhalifa;julien.khalifa@etu.u-cergy.fr;
;

"19/05/2017, de 08h45 à 09h45."
Nom;Prénom;Login;Courriel
Benyoucef;Ines;ibenyouc;ines.benyoucef@etu.u-cergy.fr;
Leclerc;Clarisse;cleclerc1;clarisse.leclerc1@etu.u-cergy.fr;
Nguyen;"Van Quy";vnguyen;van-quy.nguyen@etu.u-cergy.fr;
Leroi;Hugo;hleroi;hugo.leroi@etu.u-cergy.fr;
Pierrot;Jennifer;jpierrot;jennifer.pierrot@etu.u-cergy.fr;
Jazouani;Soukaina;sjazouan;soukaina.jazouani@etu.u-cergy.fr;
;

"19/05/2017, de 10h à 11h."
Nom;Prénom;Login;Courriel
BobÉ;ShÉrilyn;sbobe;sherilyn.bobe@etu.u-cergy.fr;
Illy;Emmanuel;eilly;emmanuel.illy@etu.u-cergy.fr;
Djeghnoune;Sarra;sdjeghno;sarra.djeghnoune@etu.u-cergy.fr;
Assous;Sacha;sassous;sacha.assous@etu.u-cergy.fr;
Palka;Morgane;mpalka;morgane.palka@etu.u-cergy.fr;
Durmus;Jenny;jdurmus;jenny.durmus@etu.u-cergy.fr;
Agnus;"Agathe Abella";aagnus;agathe-abella.agnus@etu.u-cergy.fr;
"Baussan - - Thomas";Audrey;abaussan;audrey.baussan-----thomas@etu.u-cergy.fr;
Nseka-molanga;Wilde;wnsekamo;wilde.nseka-molanga@etu.u-cergy.fr;
"Louis Clement";Julie;jlouiscl;julie.louis-clement@etu.u-cergy.fr;
Portefaix;Alexis;aportefa;alexis.portefaix@etu.u-cergy.fr;
Rossin;Magali;mrossin;magali.rossin@etu.u-cergy.fr;
Ouhab;Nesrine;nouhab;nesrine.ouhab@etu.u-cergy.fr;
Eugene;Alexander;aeugene1;alexander.eugene1@etu.u-cergy.fr;
Dupont;Gaelle;gdupont1;gaelle.dupont1@etu.u-cergy.fr;
Douche;Soraya;sdouche;soraya.douche@etu.u-cergy.fr;
Laffitte-louisou;Julia;jlaffitt;julia.laffitte-louisou@etu.u-cergy.fr;
Morelle;Audrey;amorelle;audrey.morelle@etu.u-cergy.fr;
Aime;Larissa;laime;larissa.aime@etu.u-cergy.fr;
Thudor;Laurie;lthudor;laurie.thudor@etu.u-cergy.fr;
Berland;Geoffrey;gberland;geoffrey.berland@etu.u-cergy.fr;
"Zoumara Mbembe";Tatiana;tzoumara;tatiana.zoumara-mbembe@etu.u-cergy.fr;
Dahman;"Nour - Eddine";ndahman;nour---eddine.dahman@etu.u-cergy.fr;
Daoud;Sariah;sdaoud;sariah.daoud@etu.u-cergy.fr;
;

"19/05/2017, de 11h15 à 12h15."
Nom;Prénom;Login;Courriel
"Attsouma El Kharrim";Houda;hattsoum;houda.attsouma-el-kharrim@etu.u-cergy.fr;
Cuervo;Camille;ccuervo;camille.cuervo@etu.u-cergy.fr;
Vouemba;Landry;lvouemba;landry.vouemba@etu.u-cergy.fr;
Benkemoun;Lola;lbenkemo;lola.benkemoun@etu.u-cergy.fr;
"Aberkane Dib";Zahra;zaberkan;zahra.aberkane-dib@etu.u-cergy.fr;
"Louis Clement";Julie;jlouiscl;julie.louis-clement@etu.u-cergy.fr;
Bonpapa;Vanessa;vbonpapa;vanessa.bonpapa@etu.u-cergy.fr;
Nataraj;Brindhaa;bnataraj;brindhaa.nataraj@etu.u-cergy.fr;
Valerus;Janice;jvalerus;janice.valerus@etu.u-cergy.fr;
Gazzo;Ilona;igazzo;ilona.gazzo@etu.u-cergy.fr;
Banna;Samira;sbanna;samira.banna@etu.u-cergy.fr;
Attou;Naila;nattou;naila.attou@etu.u-cergy.fr;
Chaouche;Nadjia;nchaouch;nadjia.chaouche@etu.u-cergy.fr;
Chouf;Amel;achouf;amel.chouf@etu.u-cergy.fr;
"Fuka Vincente Gomes";Prisca;pfukavin;prisca.fuka-vincente-gomes@etu.u-cergy.fr;
"Marie Louise";Melvin;mmarielo;melvin.marie-louise@etu.u-cergy.fr;
Badjang;Owono;obadjang;owono.badjang@etu.u-cergy.fr;
Mancer;Rachid;rmancer;rachid.mancer@etu.u-cergy.fr;
"D Araujo";Francois;fdaraujo;francois.d'araujo@etu.u-cergy.fr;
Fontaine;Tatiana;tfontain1;tatiana.fontaine1@etu.u-cergy.fr;
Domise;Manon;mdomise;manon.domise@etu.u-cergy.fr;
Lejoyeux;Cynthia;clejoyeu;cynthia.lejoyeux@etu.u-cergy.fr;
Tossu;Shanyce;stossu;shanyce.tossu@etu.u-cergy.fr;
Bigot;Maelys;mbigot;maelys.bigot@etu.u-cergy.fr;
;

"19/05/2017, de 13h45 à 14h45."
Nom;Prénom;Login;Courriel
Nguyen;Phung;pnguyen1;phung.nguyen1@etu.u-cergy.fr;
Carnot;Alex;acarnot;alex.carnot@etu.u-cergy.fr;
Amankwaah;PÉtula;pamankwa;petula.amankwaah@etu.u-cergy.fr;
Dorvil;Gaelle;gdorvil;gaelle.dorvil@etu.u-cergy.fr;
Riviere;Juliette;jriviere1;juliette.riviere1@etu.u-cergy.fr;
Lamande;Sabrina;slamande;sabrina.lamande@etu.u-cergy.fr;
Segers;Esthelle;esegers;esthelle.segers@etu.u-cergy.fr;
Tena;Annabelle;atena;annabelle.tena@etu.u-cergy.fr;
Neves;Joana;jneves;joana.neves@etu.u-cergy.fr;
"De Brito";Sara;sdebrito;sara.de-brito@etu.u-cergy.fr;
Gassama;Zainabou;zgassama;zainabou.gassama@etu.u-cergy.fr;
Ahamada;Rahiman;rahamada;rahiman.ahamada@etu.u-cergy.fr;
Hamel;Sacha;shamel1;sacha.hamel1@etu.u-cergy.fr;
Peronino;Emma;eperonin;emma.peronino@etu.u-cergy.fr;
Nougier;Lea;lnougier;lea.nougier@etu.u-cergy.fr;
Alves-moreira;Kevin;kalvesmo;kevin.alves-moreira@etu.u-cergy.fr;
Tjoen;Thomas;ttjoen;thomas.tjoen@etu.u-cergy.fr;
"El Haddi";Ya-sin;yelhaddi;ya-sin.el-haddi@etu.u-cergy.fr;
Pasquer;Elisabeth;epasquer;elisabeth.pasquer@etu.u-cergy.fr;
Georges;Eva-kethya;egeorges;eva-kethya.georges@etu.u-cergy.fr;
;;;;
Archani;Wissam;warchani;wissam.archani@etu.u-cergy.fr;
Guiral;Florian;fguiral;florian.guiral@etu.u-cergy.fr;
Jeanbrau;Pauline;pjeanbra;pauline.jeanbrau@etu.u-cergy.fr;
;


