"02/05/2016, de 14h00 à 15h45."
Nom;Prénom;Login;Courriel
Stoband;Melanie;mstoband;melanie.stoband@etu.u-cergy.fr;
Behlouli;Ines;ibehloul;ines.behlouli@etu.u-cergy.fr;
Mian;Farooq;fmian;farooq.mian@etu.u-cergy.fr;
Bergoin;Raphael;rbergoin;raphael.bergoin@etu.u-cergy.fr;
Chary;Antoine;achary;antoine.chary@etu.u-cergy.fr;
Boudaoud;Zineddine;zboudaou;zineddine.boudaoud@etu.u-cergy.fr;
Castelain;Julien;jcastela;julien.castelain@etu.u-cergy.fr;
Schwartz;Olivier;oschwart;olivier.schwartz@etu.u-cergy.fr;
Guisy;Morgane;mguisy;morgane.guisy@etu.u-cergy.fr;
Staiano;Matteo;mstaiano;matteo.staiano@etu.u-cergy.fr;
Lavarde;Camille;clavarde;camille.lavarde@etu.u-cergy.fr;
Ouidir;Mehdy;mouidir;mehdy.ouidir@etu.u-cergy.fr;
;

"02/05/2016, de 16h00 à 17h45."
Nom;Prénom;Login;Courriel
;

"03/05/2016, de 14h00 à 15h45."
Nom;Prénom;Login;Courriel
Touckoulou;Forlina;ftouckou;forlina.touckoulou@etu.u-cergy.fr;
;

"03/05/2016, de 16h00 à 17h45."
Nom;Prénom;Login;Courriel
;

"09/05/2016, de 09h00 à 10h45."
Nom;Prénom;Login;Courriel
Kerlaud;Audrey;akerlaud;audrey.kerlaud@etu.u-cergy.fr;
;

"09/05/2016, de 11h00 à 12h45."
Nom;Prénom;Login;Courriel
;

"09/05/2016, de 14h00 à 15h45."
Nom;Prénom;Login;Courriel
Gnanapragassame;Elsa;egnanapr;elsa.gnanapragassame@etu.u-cergy.fr;
;

"09/05/2016, de 16h00 à 17h45."
Nom;Prénom;Login;Courriel
;

"10/05/2016, de 14h00 à 15h45."
Nom;Prénom;Login;Courriel
Mekkaoui;Sarah;smekkaou;sarah.mekkaoui@etu.u-cergy.fr;
"El Houfa";Lina;lelhoufa;lina.el-houfa@etu.u-cergy.fr;
Uthayakumar;Nivetha;nuthayak;nivetha.uthayakumar@etu.u-cergy.fr;
Kindongo;Pauline;pkindong;pauline.kindongo@etu.u-cergy.fr;
Toukam;Ines;itoukam;ines.toukam@etu.u-cergy.fr;
Katzy;Jessica;jkatzy;jessica.katzy@etu.u-cergy.fr;
Oliveira;Nelson;noliveir;nelson.oliveira@etu.u-cergy.fr;
Anemet;Keziah;kanemet;keziah.anemet@etu.u-cergy.fr;
;

"10/05/2016, de 16h00 à 17h45."
Nom;Prénom;Login;Courriel
Dione;Mohamed;mdione;mohamed.dione@etu.u-cergy.fr;
Hiwat;Abigael;ahiwat;abigael.hiwat@etu.u-cergy.fr;
;


